stock,n_subjects,coverage_rate,outside_rate,mean_band_width,median_band_width,p90_band_width,mean_dist_to_band,median_dist_to_band,p90_dist_to_band,mean_dist_cond_outside,narrative_mean_abs_err,narrative_median_abs_err,narrative_in_band_rate,frac_narrative_better_cond_outside,corr_width_ratio,corr_dist_ratio
PapayaTech,154,0.23376623376623376,0.7662337662337663,9.48331168831169,4.695,24.185000000000006,17.06487012987013,11.145,45.258000000000024,22.271101694915252,18.61103896103896,11.485,0.21428571428571427,0.6101694915254238,-0.2644308457211127,0.29224938823174684
AxolotlWorks,154,0.2012987012987013,0.7987012987012987,8.3687012987013,4.42,27.498000000000033,16.450649350649353,9.530000000000001,45.251,20.596747967479672,17.598701298701297,10.575,0.18831168831168832,0.5203252032520326,-0.23991143778596496,0.4067811163606353
QuipuQuantum,154,0.18831168831168832,0.8116883116883117,8.626168831168833,4.389999999999999,23.518000000000008,15.072727272727272,8.020000000000001,41.72500000000001,18.569599999999998,16.49422077922078,9.495000000000001,0.16883116883116883,0.616,-0.19412246688653392,0.4313481947566507
