ratio_bin,n,coverage,mean_width,mean_dist,outside,nar_mae,nar_in_band
Q1 low,39,0.38461538461538464,14.063846153846153,9.951538461538462,0.6153846153846154,11.609230769230768,0.48717948717948717
Q2,38,0.23684210526315788,12.771315789473684,13.523684210526316,0.7631578947368421,10.385526315789473,0.21052631578947367
Q3,38,0.18421052631578946,5.633947368421053,16.917105263157897,0.8157894736842105,21.677105263157895,0.10526315789473684
Q4 high,39,0.1282051282051282,5.449743589743591,27.7725641025641,0.8717948717948718,30.64,0.05128205128205128
