family,count,pct
Power-share (smooth),61,39.61038961038961
Case-based (kNN memory),41,26.623376623376622
Equal-dollar,34,22.07792207792208
Equal-share,13,8.441558441558442
Dominance (all-in),5,3.2467532467532463
