DGP,AveRejRate
DGP1,0.530408
DGP2,0.7936509999999998
